"","Tipo","Literal","CCAA","Provincia","Municipio","Encuestadora/Medio","Fuente","Muestra","Trabajo Campo","Último día","Participación","Lead","Ganador","Ventaja","PSOE","PP","Vox","Unidas Podemos","Cs","ERC–Sobiranistes","Más País","JxCat","PNV","EH Bildu","CUP","CC–NCa","BNG","NA+","PRC","PSC","ECP","Junts","PDeCAT","PSdeG–PSOE","EC","PACMA","Somos Región","Més Compromís","PSOE–A","Adelante Andalucía (2018)","AxSí","Adelante Andalucía (2021)","Podemos","CHA","PAR","IU","TE","IU/IX","FAC","IUCyL","UPL","XAV","PPSO","ERC","MDyC","Caballas","Más Madrid","UP/MP","MCC","IU–V–RM","PSN–PSOE","GBai","I–E (n)","PSPV","Compromís","PSIB–PSOE","Més","El Pi","MxMe","GxF","PR+","CpM","CCa","NCa","ASG","Galicia en Común","PSE–EE (PSOE)","Elkarrekin Podemos","PP+Cs","Adelante","IULV","GJ","Adelante Andalucía","CH","GT","ZGZ","SomosOviedo","Unides Podem–EUIB","PxE","IUC","GBC","BComúP","BA","Marea Atlántica","GeC","Marea Galeguista","FeC","DO","Compostela Aberta","Marea de Vigo","VeC","MDV–Podemos","Podemos–IU","Somos Alcalá","E-2000","MMAlcobendas","IU–MeP","Ganar Alcorcón","MM–Alcorcón","MM–Fuenlabrada","MMCCG","IGE","ULEG","Más Madrid–Leganemos","IU–Madrid","MMGM","MOVER Parla","MMP","Más Madrid–VpT","IUMA","UxA","CL","CM","Podem–EUPV","Unides Podem–EUPV","EUPV"
"1","Generales","España","Esp.","","","Sigma Dos/Antena 3","https://www.antena3.com/noticias/espana/ganaria-elecciones-pero-psoe-recorta-distancias-respecto-encuesta-junio_2021071960f50495df51de0001df9e0e.html","","19 Jul 2021",2021-07-19,"",3.7,"PP","PP +3.7",25.1,28.8,14.1,10,2.8,3.4,4.8,2.1,1.8,NA,NA,NA,NA,NA,NA,NA,NA,NA,NA,NA,NA,NA,NA,NA,NA,NA,NA,NA,NA,NA,NA,NA,NA,NA,NA,NA,NA,NA,NA,NA,NA,NA,NA,NA,NA,NA,NA,NA,NA,NA,NA,NA,NA,NA,NA,NA,NA,NA,NA,NA,NA,NA,NA,NA,NA,NA,NA,NA,NA,NA,NA,NA,NA,NA,NA,NA,NA,NA,NA,NA,NA,NA,NA,NA,NA,NA,NA,NA,NA,NA,NA,NA,NA,NA,NA,NA,NA,NA,NA,NA,NA,NA,NA,NA,NA,NA,NA,NA,NA,NA,NA,NA
"2","Generales","España","Esp.","","","Data10/OKDiario","https://okdiario.com/espana/fracaso-estrepitoso-remodelacion-gobierno-sanchez-pp-vox-confirman-mayoria-absoluta-7532226","1000","16–17 Jul 2021",2021-07-17,"",5.8,"PP","PP +5.8",24.5,30.3,15.4,9,2.3,3.4,4.9,2.3,1.7,1.1,0.8,0.5,0.6,0.4,0.3,NA,NA,NA,NA,NA,NA,NA,NA,NA,NA,NA,NA,NA,NA,NA,NA,NA,NA,NA,NA,NA,NA,NA,NA,NA,NA,NA,NA,NA,NA,NA,NA,NA,NA,NA,NA,NA,NA,NA,NA,NA,NA,NA,NA,NA,NA,NA,NA,NA,NA,NA,NA,NA,NA,NA,NA,NA,NA,NA,NA,NA,NA,NA,NA,NA,NA,NA,NA,NA,NA,NA,NA,NA,NA,NA,NA,NA,NA,NA,NA,NA,NA,NA,NA,NA,NA,NA,NA,NA,NA,NA,NA,NA,NA,NA,NA,NA
"3","Generales","España","Esp.","","","NC Report/La Razón","https://www.larazon.es/espana/20210719/nxfzud36sfeibaeprsbcommxni.html","1000","12–16 Jul 2021",2021-07-16,"64.2",3.9,"PP","PP +3.9",25.9,29.8,15.3,9.2,2.7,3.3,3.7,2.4,1.6,1.2,NA,NA,NA,NA,NA,NA,NA,NA,NA,NA,NA,NA,NA,NA,NA,NA,NA,NA,NA,NA,NA,NA,NA,NA,NA,NA,NA,NA,NA,NA,NA,NA,NA,NA,NA,NA,NA,NA,NA,NA,NA,NA,NA,NA,NA,NA,NA,NA,NA,NA,NA,NA,NA,NA,NA,NA,NA,NA,NA,NA,NA,NA,NA,NA,NA,NA,NA,NA,NA,NA,NA,NA,NA,NA,NA,NA,NA,NA,NA,NA,NA,NA,NA,NA,NA,NA,NA,NA,NA,NA,NA,NA,NA,NA,NA,NA,NA,NA,NA,NA,NA,NA
"4","Generales","España","Esp.","","","Invymark/laSexta","https://www.lasexta.com/noticias/nacional/barometro-lasexta-psoe-recorta-distancias-que-mantiene-mayor-intencion-voto_2021071860f419bedf51de0001def615.html","","12–16 Jul 2021",2021-07-16,"",1.8,"PP","PP +1.8",26.2,28,17.7,9.3,1.4,NA,4.5,NA,NA,NA,NA,NA,NA,NA,NA,NA,NA,NA,NA,NA,NA,NA,NA,NA,NA,NA,NA,NA,NA,NA,NA,NA,NA,NA,NA,NA,NA,NA,NA,NA,NA,NA,NA,NA,NA,NA,NA,NA,NA,NA,NA,NA,NA,NA,NA,NA,NA,NA,NA,NA,NA,NA,NA,NA,NA,NA,NA,NA,NA,NA,NA,NA,NA,NA,NA,NA,NA,NA,NA,NA,NA,NA,NA,NA,NA,NA,NA,NA,NA,NA,NA,NA,NA,NA,NA,NA,NA,NA,NA,NA,NA,NA,NA,NA,NA,NA,NA,NA,NA,NA,NA,NA
"5","Generales","España","Esp.","","","ElectoPanel/Electomanía","https://electomania.es/ep18jl21/","2001","11–16 Jul 2021",2021-07-16,"",2.3,"PP","PP +2.3",25.4,27.7,17.3,10,2.9,3.4,3.8,2.2,1.7,1.1,0.9,0.5,0.6,0.4,0.3,NA,NA,NA,NA,NA,NA,NA,NA,NA,NA,NA,NA,NA,NA,NA,NA,NA,NA,NA,NA,NA,NA,NA,NA,NA,NA,NA,NA,NA,NA,NA,NA,NA,NA,NA,NA,NA,NA,NA,NA,NA,NA,NA,NA,NA,NA,NA,NA,NA,NA,NA,NA,NA,NA,NA,NA,NA,NA,NA,NA,NA,NA,NA,NA,NA,NA,NA,NA,NA,NA,NA,NA,NA,NA,NA,NA,NA,NA,NA,NA,NA,NA,NA,NA,NA,NA,NA,NA,NA,NA,NA,NA,NA,NA,NA,NA,NA
"6","Generales","España","Esp.","","","GESOP/El Periódico","https://www.elperiodico.com/es/politica/20210718/encuesta-elecciones-generales-espana-nuevo-gobierno-11919308","802","14–15 Jul 2021",2021-07-15,"",1.3,"PSOE","PSOE +1.3",27.3,26,13.1,10,3.9,3.4,3.8,NA,NA,NA,NA,NA,NA,NA,NA,NA,NA,NA,NA,NA,NA,NA,NA,NA,NA,NA,NA,NA,NA,NA,NA,NA,NA,NA,NA,NA,NA,NA,NA,NA,NA,NA,NA,NA,NA,NA,NA,NA,NA,NA,NA,NA,NA,NA,NA,NA,NA,NA,NA,NA,NA,NA,NA,NA,NA,NA,NA,NA,NA,NA,NA,NA,NA,NA,NA,NA,NA,NA,NA,NA,NA,NA,NA,NA,NA,NA,NA,NA,NA,NA,NA,NA,NA,NA,NA,NA,NA,NA,NA,NA,NA,NA,NA,NA,NA,NA,NA,NA,NA,NA,NA,NA
"7","Autonómicas","Cataluña","Cat.","","","ElectoPanel/Electomanía","https://electomania.es/catpanel15jl21/5","3458","31 May–13 Jul 2021",2021-07-13,"",1.3,"PSC","PSC +1.3",NA,6.7,7.1,NA,2.2,NA,NA,19.5,NA,NA,7.4,NA,NA,NA,NA,24.7,6.3,NA,NA,NA,NA,NA,NA,NA,NA,NA,NA,NA,NA,NA,NA,NA,NA,NA,NA,NA,NA,NA,NA,23.4,NA,NA,NA,NA,NA,NA,NA,NA,NA,NA,NA,NA,NA,NA,NA,NA,NA,NA,NA,NA,NA,NA,NA,NA,NA,NA,NA,NA,NA,NA,NA,NA,NA,NA,NA,NA,NA,NA,NA,NA,NA,NA,NA,NA,NA,NA,NA,NA,NA,NA,NA,NA,NA,NA,NA,NA,NA,NA,NA,NA,NA,NA,NA,NA,NA,NA,NA,NA,NA,NA,NA,NA
"8","Generales","España","Esp.","","","ElectoPanel/Electomanía","https://electomania.es/ep11jl21/","1883","8–10 Jul 2021",2021-07-10,"",1.9,"PP","PP +1.9",26,27.9,16.7,9.9,2.9,3.4,3.9,2.2,1.7,1.1,0.9,0.5,0.6,0.4,0.3,NA,NA,NA,NA,NA,NA,NA,NA,NA,NA,NA,NA,NA,NA,NA,NA,NA,NA,NA,NA,NA,NA,NA,NA,NA,NA,NA,NA,NA,NA,NA,NA,NA,NA,NA,NA,NA,NA,NA,NA,NA,NA,NA,NA,NA,NA,NA,NA,NA,NA,NA,NA,NA,NA,NA,NA,NA,NA,NA,NA,NA,NA,NA,NA,NA,NA,NA,NA,NA,NA,NA,NA,NA,NA,NA,NA,NA,NA,NA,NA,NA,NA,NA,NA,NA,NA,NA,NA,NA,NA,NA,NA,NA,NA,NA,NA,NA
"9","Generales","España","Esp.","","","Invymark/laSexta","https://www.lasexta.com/noticias/nacional/barometro-lasexta-mantiene-como-primera-fuerza-politica-intencion-voto-283_2021070460e1ba06f02596000126b270.html","","28 Jun–2 Jul 2021",2021-07-02,"",2.4,"PP","PP +2.4",25.9,28.3,18.1,8.9,1.5,NA,4.4,NA,NA,NA,NA,NA,NA,NA,NA,NA,NA,NA,NA,NA,NA,NA,NA,NA,NA,NA,NA,NA,NA,NA,NA,NA,NA,NA,NA,NA,NA,NA,NA,NA,NA,NA,NA,NA,NA,NA,NA,NA,NA,NA,NA,NA,NA,NA,NA,NA,NA,NA,NA,NA,NA,NA,NA,NA,NA,NA,NA,NA,NA,NA,NA,NA,NA,NA,NA,NA,NA,NA,NA,NA,NA,NA,NA,NA,NA,NA,NA,NA,NA,NA,NA,NA,NA,NA,NA,NA,NA,NA,NA,NA,NA,NA,NA,NA,NA,NA,NA,NA,NA,NA,NA,NA
"10","Generales","España","Esp.","","","ElectoPanel/Electomanía","https://electomania.es/ep4jl21/","2539","24 Jun–2 Jul 2021",2021-07-02,"",3.5,"PP","PP +3.5",24.9,28.4,16.3,10.1,3.1,3.4,4.2,2.2,1.7,1.1,0.9,0.5,0.6,0.4,0.3,NA,NA,NA,NA,NA,NA,NA,NA,NA,NA,NA,NA,NA,NA,NA,NA,NA,NA,NA,NA,NA,NA,NA,NA,NA,NA,NA,NA,NA,NA,NA,NA,NA,NA,NA,NA,NA,NA,NA,NA,NA,NA,NA,NA,NA,NA,NA,NA,NA,NA,NA,NA,NA,NA,NA,NA,NA,NA,NA,NA,NA,NA,NA,NA,NA,NA,NA,NA,NA,NA,NA,NA,NA,NA,NA,NA,NA,NA,NA,NA,NA,NA,NA,NA,NA,NA,NA,NA,NA,NA,NA,NA,NA,NA,NA,NA,NA
"11","Generales","España","Esp.","","","Data10/OKDiario","https://okdiario.com/espana/indultos-castigan-sanchez-psoe-pierde-24-escanos-pp-logra-mayoria-absoluta-vox-7458673","1000","29 Jun–1 Jul 2021",2021-07-01,"",5.9,"PP","PP +5.9",24.3,30.2,15.5,9.1,2.8,3.3,5,2.3,1.7,1.1,0.8,0.4,0.6,0.4,0.3,NA,NA,NA,NA,NA,NA,NA,NA,NA,NA,NA,NA,NA,NA,NA,NA,NA,NA,NA,NA,NA,NA,NA,NA,NA,NA,NA,NA,NA,NA,NA,NA,NA,NA,NA,NA,NA,NA,NA,NA,NA,NA,NA,NA,NA,NA,NA,NA,NA,NA,NA,NA,NA,NA,NA,NA,NA,NA,NA,NA,NA,NA,NA,NA,NA,NA,NA,NA,NA,NA,NA,NA,NA,NA,NA,NA,NA,NA,NA,NA,NA,NA,NA,NA,NA,NA,NA,NA,NA,NA,NA,NA,NA,NA,NA,NA,NA
"12","Generales","España","Esp.","","","Sigma Dos/El Mundo","https://www.elmundo.es/espana/encuestas/2021/07/04/60e1e739fc6c83dc0d8b4630.html","1020","28 Jun–1 Jul 2021",2021-07-01,"",3.5,"PP","PP +3.5",25.9,29.4,14.4,10.5,2.5,3,5,1.8,1.5,NA,NA,NA,NA,NA,NA,NA,NA,NA,NA,NA,NA,NA,NA,NA,NA,NA,NA,NA,NA,NA,NA,NA,NA,NA,NA,NA,NA,NA,NA,NA,NA,NA,NA,NA,NA,NA,NA,NA,NA,NA,NA,NA,NA,NA,NA,NA,NA,NA,NA,NA,NA,NA,NA,NA,NA,NA,NA,NA,NA,NA,NA,NA,NA,NA,NA,NA,NA,NA,NA,NA,NA,NA,NA,NA,NA,NA,NA,NA,NA,NA,NA,NA,NA,NA,NA,NA,NA,NA,NA,NA,NA,NA,NA,NA,NA,NA,NA,NA,NA,NA,NA,NA
"13","Autonómicas","Comunitat Valenciana","Val.","","","Demoscopia y Servicios/ESdiario","https://www.esdiario.com/valencia/945547081/Encuesta-Esdiario-El-PP-gana-las-elecciones-y-Podemos-salva-al-Botanic.html","1800","21–30 Jun 2021",2021-06-30,"",0.4,"PP","PP +0.4",NA,27,17.6,6.1,3.4,NA,NA,NA,NA,NA,NA,NA,NA,NA,NA,NA,NA,NA,NA,NA,NA,NA,NA,NA,NA,NA,NA,NA,NA,NA,NA,NA,NA,NA,NA,NA,NA,NA,NA,NA,NA,NA,NA,NA,NA,NA,NA,NA,NA,26.6,16.1,NA,NA,NA,NA,NA,NA,NA,NA,NA,NA,NA,NA,NA,NA,NA,NA,NA,NA,NA,NA,NA,NA,NA,NA,NA,NA,NA,NA,NA,NA,NA,NA,NA,NA,NA,NA,NA,NA,NA,NA,NA,NA,NA,NA,NA,NA,NA,NA,NA,NA,NA,NA,NA,NA,NA,NA,NA,NA,NA,NA,NA
"14","Autonómicas","Andalucía","And.","","","ElectoPanel/Electomanía","https://electomania.es/epand30j21/","1703","18 May–29 Jun 2021",2021-06-29,"",8.5,"PP","PP +8.5",NA,36.1,14.7,8.1,4.5,NA,NA,NA,NA,NA,NA,NA,NA,NA,NA,NA,NA,NA,NA,NA,NA,NA,NA,NA,27.6,NA,NA,5.1,NA,NA,NA,NA,NA,NA,NA,NA,NA,NA,NA,NA,NA,NA,NA,NA,NA,NA,NA,NA,NA,NA,NA,NA,NA,NA,NA,NA,NA,NA,NA,NA,NA,NA,NA,NA,NA,NA,NA,NA,NA,NA,NA,NA,NA,NA,NA,NA,NA,NA,NA,NA,NA,NA,NA,NA,NA,NA,NA,NA,NA,NA,NA,NA,NA,NA,NA,NA,NA,NA,NA,NA,NA,NA,NA,NA,NA,NA,NA,NA,NA,NA,NA,NA
"15","Generales","España","Esp.","","","SocioMétrica/El Español","https://www.elespanol.com/espana/20210627/pp-vox-cs-mayoria-absoluta-sanchez-moncloa/591941461_0.html","","27 Jun 2021",2021-06-27,"",2.1,"PP","PP +2.1",24.1,26.2,16.6,10.4,5.2,3.1,4.6,2.3,1.5,1,0.8,0.4,0.5,0.3,0.4,NA,NA,NA,NA,NA,NA,NA,NA,NA,NA,NA,NA,NA,NA,NA,NA,NA,NA,NA,NA,NA,NA,NA,NA,NA,NA,NA,NA,NA,NA,NA,NA,NA,NA,NA,NA,NA,NA,NA,NA,NA,NA,NA,NA,NA,NA,NA,NA,NA,NA,NA,NA,NA,NA,NA,NA,NA,NA,NA,NA,NA,NA,NA,NA,NA,NA,NA,NA,NA,NA,NA,NA,NA,NA,NA,NA,NA,NA,NA,NA,NA,NA,NA,NA,NA,NA,NA,NA,NA,NA,NA,NA,NA,NA,NA,NA,NA
"16","Generales","España","Esp.","","","ElectoPanel/Electomanía","https://electomania.es/ep27j21/","1627","24–26 Jun 2021",2021-06-26,"",3.5,"PP","PP +3.5",25.1,28.6,16.2,10,3,3.4,4.1,2.3,1.7,1.1,0.9,0.5,0.6,0.4,0.3,NA,NA,NA,NA,NA,NA,NA,NA,NA,NA,NA,NA,NA,NA,NA,NA,NA,NA,NA,NA,NA,NA,NA,NA,NA,NA,NA,NA,NA,NA,NA,NA,NA,NA,NA,NA,NA,NA,NA,NA,NA,NA,NA,NA,NA,NA,NA,NA,NA,NA,NA,NA,NA,NA,NA,NA,NA,NA,NA,NA,NA,NA,NA,NA,NA,NA,NA,NA,NA,NA,NA,NA,NA,NA,NA,NA,NA,NA,NA,NA,NA,NA,NA,NA,NA,NA,NA,NA,NA,NA,NA,NA,NA,NA,NA,NA,NA
"17","Generales","España","Esp.","","","NC Report/La Razón","https://www.larazon.es/espana/20210628/qo4bemkyurdyxbgn2nslbjfdba.html","1000","23–26 Jun 2021",2021-06-26,"63.8",5.7,"PP","PP +5.7",24.7,30.4,15.1,9,2.6,3.3,4.6,2.4,1.7,1.2,NA,NA,NA,NA,NA,NA,NA,NA,NA,NA,NA,NA,NA,NA,NA,NA,NA,NA,NA,NA,NA,NA,NA,NA,NA,NA,NA,NA,NA,NA,NA,NA,NA,NA,NA,NA,NA,NA,NA,NA,NA,NA,NA,NA,NA,NA,NA,NA,NA,NA,NA,NA,NA,NA,NA,NA,NA,NA,NA,NA,NA,NA,NA,NA,NA,NA,NA,NA,NA,NA,NA,NA,NA,NA,NA,NA,NA,NA,NA,NA,NA,NA,NA,NA,NA,NA,NA,NA,NA,NA,NA,NA,NA,NA,NA,NA,NA,NA,NA,NA,NA,NA
"18","Municipales","Elche/Elx","Val.","Alicante","Elche","Demoscopia y Servicios/ESdiario","https://www.esdiario.com/castellon/157679905/Encuesta-Castellon-el-PP-sube-y-Carrasco-seria-alcaldesa-con-el-apoyo-de-Vox.html","","21–25 Jun 2021",2021-06-25,"66.2",1.3,"PSPV","PSPV +1.3",NA,29.3,18.2,4.2,3.9,NA,NA,NA,NA,NA,NA,NA,NA,NA,NA,NA,NA,NA,NA,NA,NA,NA,NA,NA,NA,NA,NA,NA,NA,NA,NA,NA,NA,NA,NA,NA,NA,NA,NA,NA,NA,NA,NA,NA,NA,NA,NA,NA,NA,30.6,11.6,NA,NA,NA,NA,NA,NA,NA,NA,NA,NA,NA,NA,NA,NA,NA,NA,NA,NA,NA,NA,NA,NA,NA,NA,NA,NA,NA,NA,NA,NA,NA,NA,NA,NA,NA,NA,NA,NA,NA,NA,NA,NA,NA,NA,NA,NA,NA,NA,NA,NA,NA,NA,NA,NA,NA,NA,NA,NA,NA,NA,NA
"19","Municipales","Vila-real","Val.","Castellón","Villarreal","Demoscopia y Servicios/ESdiario","https://www.esdiario.com/castellon/853331589/Encuesta-Vall-dUixo-la-Vall-sigue-siendo-roja-pese-al-avance-de-la-derecha.html","","21–25 Jun 2021",2021-06-25,"70.1",5.5,"PSPV","PSPV +5.5",NA,29.2,10.8,NA,3.1,NA,NA,NA,NA,NA,NA,NA,NA,NA,NA,NA,NA,NA,NA,NA,NA,NA,NA,NA,NA,NA,NA,NA,NA,NA,NA,NA,NA,NA,NA,NA,NA,NA,NA,NA,NA,NA,NA,NA,NA,NA,NA,NA,NA,34.7,8.1,NA,NA,NA,NA,NA,NA,NA,NA,NA,NA,NA,NA,NA,NA,NA,NA,NA,NA,NA,NA,NA,NA,NA,NA,NA,NA,NA,NA,NA,NA,NA,NA,NA,NA,NA,NA,NA,NA,NA,NA,NA,NA,NA,NA,NA,NA,NA,NA,NA,NA,NA,NA,NA,NA,NA,NA,NA,NA,NA,NA,10.2
"20","Autonómicas","Andalucía","And.","","","CENTRA/CEA","https://www.centrodeestudiosandaluces.es/barometro/cat/ultimo-barometro","3600","15–24 Jun 2021",2021-06-24,"60.2",14.6,"PP","PP +14.6",NA,37.9,11.4,9.2,8.7,NA,NA,NA,NA,NA,NA,NA,NA,NA,NA,NA,NA,NA,NA,NA,NA,NA,NA,NA,23.3,NA,NA,3.6,NA,NA,NA,NA,NA,NA,NA,NA,NA,NA,NA,NA,NA,NA,NA,NA,NA,NA,NA,NA,NA,NA,NA,NA,NA,NA,NA,NA,NA,NA,NA,NA,NA,NA,NA,NA,NA,NA,NA,NA,NA,NA,NA,NA,NA,NA,NA,NA,NA,NA,NA,NA,NA,NA,NA,NA,NA,NA,NA,NA,NA,NA,NA,NA,NA,NA,NA,NA,NA,NA,NA,NA,NA,NA,NA,NA,NA,NA,NA,NA,NA,NA,NA,NA
"21","Municipales","Sevilla","And.","Sevilla","Sevilla","GAD3/ABC","https://www.abc.es/archivo/periodicos/abc-sevilla-20210627-16.html","1010","15–24 Jun 2021",2021-06-24,"",1.7,"PSOE–A","PSOE–A +1.7",NA,35.9,10.8,NA,2.8,NA,NA,NA,NA,NA,NA,NA,NA,NA,NA,NA,NA,NA,NA,NA,NA,NA,NA,NA,37.6,NA,NA,NA,NA,NA,NA,NA,NA,NA,NA,NA,NA,NA,NA,NA,NA,NA,NA,NA,NA,NA,NA,NA,NA,NA,NA,NA,NA,NA,NA,NA,NA,NA,NA,NA,NA,NA,NA,NA,NA,9.1,NA,NA,NA,NA,NA,NA,NA,NA,NA,NA,NA,NA,NA,NA,NA,NA,NA,NA,NA,NA,NA,NA,NA,NA,NA,NA,NA,NA,NA,NA,NA,NA,NA,NA,NA,NA,NA,NA,NA,NA,NA,NA,NA,NA,NA,NA
"22","Generales","Galicia","Gal.","","","Sondaxe/La Voz de Galicia","https://www.lavozdegalicia.es/noticia/galicia/2021/06/27/pp-ganar-elecciones-generales-galicia/00031624823203944924994.htm","1223","16–23 Jun 2021",2021-06-23,"",5.6,"PP","PP +5.6",NA,33.6,NA,NA,NA,NA,NA,NA,NA,NA,NA,NA,13,NA,NA,NA,NA,NA,NA,28,10.8,NA,NA,NA,NA,NA,NA,NA,NA,NA,NA,NA,NA,NA,NA,NA,NA,NA,NA,NA,NA,NA,NA,NA,NA,NA,NA,NA,NA,NA,NA,NA,NA,NA,NA,NA,NA,NA,NA,NA,NA,NA,NA,NA,NA,NA,NA,NA,NA,NA,NA,NA,NA,NA,NA,NA,NA,NA,NA,NA,NA,NA,NA,NA,NA,NA,NA,NA,NA,NA,NA,NA,NA,NA,NA,NA,NA,NA,NA,NA,NA,NA,NA,NA,NA,NA,NA,NA,NA,NA,NA,NA
"23","Autonómicas","Galicia","Gal.","","","Sondaxe/La Voz de Galicia","https://www.lavozdegalicia.es/noticia/galicia/2021/06/27/pp-mantiene-mayoria-galicia-frente-bng-asentado-segunda-fuerza/0003_202106G27P2991.htm","1223","16–23 Jun 2021",2021-06-23,"50",21.4,"PP","PP +21.4",NA,45.8,NA,NA,NA,NA,NA,NA,NA,NA,NA,NA,24.4,NA,NA,NA,NA,NA,NA,18,NA,NA,NA,NA,NA,NA,NA,NA,NA,NA,NA,NA,NA,NA,NA,NA,NA,NA,NA,NA,NA,NA,NA,NA,NA,NA,NA,NA,NA,NA,NA,NA,NA,NA,NA,NA,NA,NA,NA,NA,NA,6.1,NA,NA,NA,NA,NA,NA,NA,NA,NA,NA,NA,NA,NA,NA,NA,NA,NA,NA,NA,NA,NA,NA,NA,NA,NA,NA,NA,NA,NA,NA,NA,NA,NA,NA,NA,NA,NA,NA,NA,NA,NA,NA,NA,NA,NA,NA,NA,NA,NA,NA
"24","Municipales","Jerez de la Frontera","And.","Cádiz","Jerez de la Frontera","GAD3/PP","https://www.diariodejerez.es/jerez/Encuesta-electoral-jerez-gad3-estimacion-voto_0_1588941363.html","601","17–23 Jun 2021",2021-06-23,"",14.5,"PP","PP +14.5",NA,41.3,9,NA,4.2,NA,NA,NA,NA,NA,NA,NA,NA,NA,NA,NA,NA,NA,NA,NA,NA,NA,NA,NA,26.8,NA,NA,NA,5.5,NA,NA,NA,NA,NA,NA,NA,NA,NA,NA,NA,NA,NA,NA,NA,NA,NA,NA,NA,NA,NA,NA,NA,NA,NA,NA,NA,NA,NA,NA,NA,NA,NA,NA,NA,NA,NA,3.3,5.1,NA,NA,NA,NA,NA,NA,NA,NA,NA,NA,NA,NA,NA,NA,NA,NA,NA,NA,NA,NA,NA,NA,NA,NA,NA,NA,NA,NA,NA,NA,NA,NA,NA,NA,NA,NA,NA,NA,NA,NA,NA,NA,NA,NA
"25","Generales","España","Esp.","","","KeyData/Público","https://www.publico.es/politica/pp-sigue-creciendo-victoria-ayuso.html","","21 Jun 2021",2021-06-21,"67.4",3,"PP","PP +3",25.2,28.2,15.8,9.7,3,3.5,4.3,2.1,1.6,1.2,1,0.5,NA,NA,NA,NA,NA,NA,NA,NA,NA,NA,NA,NA,NA,NA,NA,NA,NA,NA,NA,NA,NA,NA,NA,NA,NA,NA,NA,NA,NA,NA,NA,NA,NA,NA,NA,NA,NA,NA,NA,NA,NA,NA,NA,NA,NA,NA,NA,NA,NA,NA,NA,NA,NA,NA,NA,NA,NA,NA,NA,NA,NA,NA,NA,NA,NA,NA,NA,NA,NA,NA,NA,NA,NA,NA,NA,NA,NA,NA,NA,NA,NA,NA,NA,NA,NA,NA,NA,NA,NA,NA,NA,NA,NA,NA,NA,NA,NA,NA,NA,NA
"26","Generales","España","Esp.","","","Sigma Dos/Antena 3","https://www.antena3.com/noticias/espana/encuesta-elecciones-generales-ganaria-psoe-sumaria-mayoria-absoluta-apoyo-vox_2021062160d017b25962ed0001d84c2a.html","","21 Jun 2021",2021-06-21,"",5.6,"PP","PP +5.6",24.5,30.1,15.5,11.4,2.5,3.5,4.4,1.9,2,NA,NA,NA,NA,NA,NA,NA,NA,NA,NA,NA,NA,NA,NA,NA,NA,NA,NA,NA,NA,NA,NA,NA,NA,NA,NA,NA,NA,NA,NA,NA,NA,NA,NA,NA,NA,NA,NA,NA,NA,NA,NA,NA,NA,NA,NA,NA,NA,NA,NA,NA,NA,NA,NA,NA,NA,NA,NA,NA,NA,NA,NA,NA,NA,NA,NA,NA,NA,NA,NA,NA,NA,NA,NA,NA,NA,NA,NA,NA,NA,NA,NA,NA,NA,NA,NA,NA,NA,NA,NA,NA,NA,NA,NA,NA,NA,NA,NA,NA,NA,NA,NA,NA
"27","Generales","España","Esp.","","","DYM/Henneo","https://www.20minutos.es/noticia/4739169/0/encuesta-dym-pp-y-vox-podrian-gobernar-pero-el-psoe-se-recupera-tras-el-bache-de-madrid/","1002","17–21 Jun 2021",2021-06-21,"",2.2,"PP","PP +2.2",25.7,27.9,16,9.9,3.5,NA,2.3,NA,NA,NA,NA,NA,NA,NA,NA,NA,NA,NA,NA,NA,NA,NA,NA,NA,NA,NA,NA,NA,NA,NA,NA,NA,NA,NA,NA,NA,NA,NA,NA,NA,NA,NA,NA,NA,NA,NA,NA,NA,NA,NA,NA,NA,NA,NA,NA,NA,NA,NA,NA,NA,NA,NA,NA,NA,NA,NA,NA,NA,NA,NA,NA,NA,NA,NA,NA,NA,NA,NA,NA,NA,NA,NA,NA,NA,NA,NA,NA,NA,NA,NA,NA,NA,NA,NA,NA,NA,NA,NA,NA,NA,NA,NA,NA,NA,NA,NA,NA,NA,NA,NA,NA,NA
"28","Generales","España","Esp.","","","Celeste-Tel/Onda Cero","https://www.electograph.com/2021/06/encuesta-celeste-tel-210623.html","1100","14–18 Jun 2021",2021-06-18,"",4.5,"PP","PP +4.5",25.3,29.8,15.5,9.5,2.4,3.2,5.7,2.2,1.4,1.1,0.9,0.4,0.7,0.4,0.2,NA,NA,NA,NA,NA,NA,NA,NA,NA,NA,NA,NA,NA,NA,NA,NA,NA,NA,NA,NA,NA,NA,NA,NA,NA,NA,NA,NA,NA,NA,NA,NA,NA,NA,NA,NA,NA,NA,NA,NA,NA,NA,NA,NA,NA,NA,NA,NA,NA,NA,NA,NA,NA,NA,NA,NA,NA,NA,NA,NA,NA,NA,NA,NA,NA,NA,NA,NA,NA,NA,NA,NA,NA,NA,NA,NA,NA,NA,NA,NA,NA,NA,NA,NA,NA,NA,NA,NA,NA,NA,NA,NA,NA,NA,NA,NA,NA
"29","Generales","España","Esp.","","","ElectoPanel/Electomanía","https://electomania.es/ep20j21/","1332","12–18 Jun 2021",2021-06-18,"",2.7,"PP","PP +2.7",25.9,28.6,15.8,9.6,3,3.4,4,2.3,1.7,1.2,1,0.5,0.6,0.4,0.3,NA,NA,NA,NA,NA,NA,NA,NA,NA,NA,NA,NA,NA,NA,NA,NA,NA,NA,NA,NA,NA,NA,NA,NA,NA,NA,NA,NA,NA,NA,NA,NA,NA,NA,NA,NA,NA,NA,NA,NA,NA,NA,NA,NA,NA,NA,NA,NA,NA,NA,NA,NA,NA,NA,NA,NA,NA,NA,NA,NA,NA,NA,NA,NA,NA,NA,NA,NA,NA,NA,NA,NA,NA,NA,NA,NA,NA,NA,NA,NA,NA,NA,NA,NA,NA,NA,NA,NA,NA,NA,NA,NA,NA,NA,NA,NA,NA
"30","Generales","España","Esp.","","","CIS","http://datos.cis.es/pdf/Es3326marMT_A.pdf","3814","2–15 Jun 2021",2021-06-15,"",3.5,"PSOE","PSOE +3.5",27.4,23.9,13,12,5.7,3.6,4.1,1.6,1.4,1,0.8,0.2,0.7,0.4,0.1,NA,NA,NA,NA,NA,NA,NA,NA,NA,NA,NA,NA,NA,NA,NA,NA,NA,NA,NA,NA,NA,NA,NA,NA,NA,NA,NA,NA,NA,NA,NA,NA,NA,NA,NA,NA,NA,NA,NA,NA,NA,NA,NA,NA,NA,NA,NA,NA,NA,NA,NA,NA,NA,NA,NA,NA,NA,NA,NA,NA,NA,NA,NA,NA,NA,NA,NA,NA,NA,NA,NA,NA,NA,NA,NA,NA,NA,NA,NA,NA,NA,NA,NA,NA,NA,NA,NA,NA,NA,NA,NA,NA,NA,NA,NA,NA,NA
"31","Generales","Castilla y León","Cyl.","","","Sigma Dos/RTVCyL","https://www.cyltv.es/noticia/3a8efa6f-9e15-92a4-0880146431688542/20210623/el-pp-ganaria-las-elecciones-generales-en-castilla-y-leon-con-el-422-de-los-votos","1200","11–15 Jun 2021",2021-06-15,"",13.1,"PP","PP +13.1",29.1,42.2,13.9,7.3,3.4,NA,NA,NA,NA,NA,NA,NA,NA,NA,NA,NA,NA,NA,NA,NA,NA,NA,NA,NA,NA,NA,NA,NA,NA,NA,NA,NA,NA,NA,NA,NA,NA,NA,NA,NA,NA,NA,NA,NA,NA,NA,NA,NA,NA,NA,NA,NA,NA,NA,NA,NA,NA,NA,NA,NA,NA,NA,NA,NA,NA,NA,NA,NA,NA,NA,NA,NA,NA,NA,NA,NA,NA,NA,NA,NA,NA,NA,NA,NA,NA,NA,NA,NA,NA,NA,NA,NA,NA,NA,NA,NA,NA,NA,NA,NA,NA,NA,NA,NA,NA,NA,NA,NA,NA,NA,NA,NA
"32","Autonómicas","Castilla y León","Cyl.","","","Sigma Dos/RTVCyL","https://www.electograph.com/2021/06/castilla-y-leon-encuesta-sigmados-210622.html","1200","11–15 Jun 2021",2021-06-15,"",14.3,"PP","PP +14.3",29.5,43.8,10,NA,3.5,NA,NA,NA,NA,NA,NA,NA,NA,NA,NA,NA,NA,NA,NA,NA,NA,NA,NA,NA,NA,NA,NA,NA,6.5,NA,NA,NA,NA,NA,NA,NA,2.2,0.5,NA,NA,NA,NA,NA,NA,NA,NA,NA,NA,NA,NA,NA,NA,NA,NA,NA,NA,NA,NA,NA,NA,NA,NA,NA,NA,NA,NA,NA,NA,NA,NA,NA,NA,NA,NA,NA,NA,NA,NA,NA,NA,NA,NA,NA,NA,NA,NA,NA,NA,NA,NA,NA,NA,NA,NA,NA,NA,NA,NA,NA,NA,NA,NA,NA,NA,NA,NA,NA,NA,NA,NA,NA,NA
"33","Autonómicas","Murcia, Región de","Mur.","","","ElectoPanel/Electomanía","https://electomania.es/eprmurcia15j21/","850","15 Jun 2021",2021-06-15,"",8.6,"PP","PP +8.6",32.3,41.9,13,4.9,2.4,NA,NA,NA,NA,NA,NA,NA,NA,NA,NA,NA,NA,NA,NA,NA,NA,NA,1.7,NA,NA,NA,NA,NA,NA,NA,NA,NA,NA,NA,NA,NA,NA,NA,NA,NA,NA,NA,NA,NA,1.7,NA,NA,NA,NA,NA,NA,NA,NA,NA,NA,NA,NA,NA,NA,NA,NA,NA,NA,NA,NA,NA,NA,NA,NA,NA,NA,NA,NA,NA,NA,NA,NA,NA,NA,NA,NA,NA,NA,NA,NA,NA,NA,NA,NA,NA,NA,NA,NA,NA,NA,NA,NA,NA,NA,NA,NA,NA,NA,NA,NA,NA,NA,NA,NA,NA,NA,NA
"34","Municipales","Badalona","Cat.","Barcelona","Badalona","La Tribuna","https://www.latribunadetoledo.es/noticia/zddabf313-b073-80f1-0c1e0c2fe7ac4532/tolon-revalida-su-mayoria-y-obtendria-12-concejales","","14 Jun 2021",2021-06-14,"66",6.9,"PSOE","PSOE +6.9",42,35.1,11.7,6.9,NA,NA,NA,NA,NA,NA,NA,NA,NA,NA,NA,NA,NA,NA,NA,NA,NA,NA,NA,NA,NA,NA,NA,NA,NA,NA,NA,NA,NA,NA,NA,NA,NA,NA,NA,NA,NA,NA,NA,NA,NA,NA,NA,NA,NA,NA,NA,NA,NA,NA,NA,NA,NA,NA,NA,NA,NA,NA,NA,NA,NA,NA,NA,NA,NA,NA,NA,NA,NA,NA,NA,NA,NA,NA,NA,NA,NA,NA,NA,NA,NA,NA,NA,NA,NA,NA,NA,NA,NA,NA,NA,NA,NA,NA,NA,NA,NA,NA,NA,NA,NA,NA,NA,NA,NA,NA,NA,NA
"35","Autonómicas","Balears, Illes","I.Bal.","","","IBES/Última Hora","https://www.ultimahora.es/noticias/local/2021/07/04/1280827/encuesta-electoral-vuelve-ser-partido-mas-votado-pero-queda-lejos-del-govern.html","1000","8–12 Jun 2021",2021-06-12,"",2.4,"PP","PP +2.4",NA,26.9,9.9,10.1,6.8,NA,NA,NA,NA,NA,NA,NA,NA,NA,NA,NA,NA,NA,NA,NA,NA,NA,NA,NA,NA,NA,NA,NA,NA,NA,NA,NA,NA,NA,NA,NA,NA,NA,NA,NA,NA,NA,NA,NA,NA,NA,NA,NA,NA,NA,NA,24.5,8.9,6.9,1.4,NA,NA,NA,NA,NA,NA,NA,NA,NA,NA,NA,NA,NA,NA,NA,NA,NA,NA,NA,NA,NA,NA,NA,NA,NA,NA,NA,NA,NA,NA,NA,NA,NA,NA,NA,NA,NA,NA,NA,NA,NA,NA,NA,NA,NA,NA,NA,NA,NA,NA,NA,NA,NA,NA,NA,NA,NA
"36","Municipales","Palma","I.Bal.","Mallorca","Palma","Asturbarómetro","https://www.lavozdeasturias.es/noticia/oviedo/2021/06/12/pp-necesitaria-vox-repetir-mayoria-oviedo-segun-asturbarometro/00031623497548813918741.htm","403","12 Jun 2021",2021-06-12,"",5.3,"PP","PP +5.3",28.3,33.6,15.5,NA,6.3,NA,NA,NA,NA,NA,NA,NA,NA,NA,NA,NA,NA,NA,NA,NA,NA,NA,NA,NA,NA,NA,NA,NA,NA,NA,NA,NA,NA,8.1,NA,NA,NA,NA,NA,NA,NA,NA,NA,NA,NA,NA,NA,NA,NA,NA,NA,NA,NA,NA,NA,NA,NA,NA,NA,NA,NA,NA,NA,NA,NA,NA,NA,NA,NA,NA,NA,NA,5.8,NA,NA,NA,NA,NA,NA,NA,NA,NA,NA,NA,NA,NA,NA,NA,NA,NA,NA,NA,NA,NA,NA,NA,NA,NA,NA,NA,NA,NA,NA,NA,NA,NA,NA,NA,NA,NA,NA,NA
"37","Generales","España","Esp.","","","ElectoPanel/Electomanía","https://electomania.es/ep13j21/","1673","5–11 Jun 2021",2021-06-11,"",3.1,"PP","PP +3.1",25.3,28.4,16.2,10,3.1,3.4,3.9,2.3,1.7,1.2,0.9,0.5,0.6,0.4,0.3,NA,NA,NA,NA,NA,NA,NA,NA,NA,NA,NA,NA,NA,NA,NA,NA,NA,NA,NA,NA,NA,NA,NA,NA,NA,NA,NA,NA,NA,NA,NA,NA,NA,NA,NA,NA,NA,NA,NA,NA,NA,NA,NA,NA,NA,NA,NA,NA,NA,NA,NA,NA,NA,NA,NA,NA,NA,NA,NA,NA,NA,NA,NA,NA,NA,NA,NA,NA,NA,NA,NA,NA,NA,NA,NA,NA,NA,NA,NA,NA,NA,NA,NA,NA,NA,NA,NA,NA,NA,NA,NA,NA,NA,NA,NA,NA,NA
"38","Generales","España","Esp.","","","GAD3/NIUS","https://www.gad3.com/encuesta-electoral-de-gad3-para-nius-estimacion-de-voto-y-escanos-en-elecciones-generales-2/","1026","7–10 Jun 2021",2021-06-10,"65",5.2,"PP","PP +5.2",25.5,30.7,12.4,9.2,2.9,3,4.5,2.6,1.4,1.2,1.1,0.6,0.7,0.4,0.2,NA,NA,NA,NA,NA,NA,NA,NA,NA,NA,NA,NA,NA,NA,NA,NA,NA,NA,NA,NA,NA,NA,NA,NA,NA,NA,NA,NA,NA,NA,NA,NA,NA,NA,NA,NA,NA,NA,NA,NA,NA,NA,NA,NA,NA,NA,NA,NA,NA,NA,NA,NA,NA,NA,NA,NA,NA,NA,NA,NA,NA,NA,NA,NA,NA,NA,NA,NA,NA,NA,NA,NA,NA,NA,NA,NA,NA,NA,NA,NA,NA,NA,NA,NA,NA,NA,NA,NA,NA,NA,NA,NA,NA,NA,NA,NA,NA
"39","Generales","España","Esp.","","","Simple Lógica","https://www.simplelogica.com/es/intencion-de-voto-y-valoracion-de-lideres-politicos-junio-2021/","1017","1–9 Jun 2021",2021-06-09,"64.4",4.1,"PP","PP +4.1",23,27.1,17,9.3,3.4,NA,6,NA,NA,NA,NA,NA,NA,NA,NA,NA,NA,NA,NA,NA,NA,NA,NA,NA,NA,NA,NA,NA,NA,NA,NA,NA,NA,NA,NA,NA,NA,NA,NA,NA,NA,NA,NA,NA,NA,NA,NA,NA,NA,NA,NA,NA,NA,NA,NA,NA,NA,NA,NA,NA,NA,NA,NA,NA,NA,NA,NA,NA,NA,NA,NA,NA,NA,NA,NA,NA,NA,NA,NA,NA,NA,NA,NA,NA,NA,NA,NA,NA,NA,NA,NA,NA,NA,NA,NA,NA,NA,NA,NA,NA,NA,NA,NA,NA,NA,NA,NA,NA,NA,NA,NA,NA
"40","Autonómicas","Andalucía","And.","","","Sigma Dos/El Mundo","https://www.elmundo.es/andalucia/2021/06/10/60c2561121efa062568b4610.html","1000","7–9 Jun 2021",2021-06-09,"",10.6,"PP","PP +10.6",NA,36.7,14.8,7.6,4.2,NA,NA,NA,NA,NA,NA,NA,NA,NA,NA,NA,NA,NA,NA,NA,NA,NA,NA,NA,26.1,NA,NA,5.5,NA,NA,NA,NA,NA,NA,NA,NA,NA,NA,NA,NA,NA,NA,NA,NA,NA,NA,NA,NA,NA,NA,NA,NA,NA,NA,NA,NA,NA,NA,NA,NA,NA,NA,NA,NA,NA,NA,NA,NA,NA,NA,NA,NA,NA,NA,NA,NA,NA,NA,NA,NA,NA,NA,NA,NA,NA,NA,NA,NA,NA,NA,NA,NA,NA,NA,NA,NA,NA,NA,NA,NA,NA,NA,NA,NA,NA,NA,NA,NA,NA,NA,NA,NA
"41","Autonómicas","Melilla","Mel.","","","SyM Consulting","https://twitter.com/Barometrocm/status/1402930203912032260","860","2–5 Jun 2021",2021-06-05,"60.8",1.7,"PP","PP +1.7",13,34.2,15,NA,1.2,NA,NA,NA,NA,NA,NA,NA,NA,NA,NA,NA,NA,NA,NA,NA,NA,NA,NA,NA,NA,NA,NA,NA,NA,NA,NA,NA,NA,NA,NA,NA,NA,NA,NA,NA,NA,NA,NA,NA,NA,NA,NA,NA,NA,NA,NA,NA,NA,NA,NA,NA,NA,32.5,NA,NA,NA,NA,NA,NA,NA,NA,NA,NA,NA,NA,NA,NA,NA,NA,NA,NA,NA,NA,NA,NA,NA,NA,NA,NA,NA,NA,NA,NA,NA,NA,NA,NA,NA,NA,NA,NA,NA,NA,NA,NA,NA,NA,NA,NA,NA,NA,NA,NA,NA,NA,NA,NA
"42","Generales","España","Esp.","","","ElectoPanel/Electomanía","https://electomania.es/ep6j21/","1462","30 May–4 Jun 2021",2021-06-04,"",2.5,"PP","PP +2.5",25.4,27.9,16.8,10.4,3,3.5,3.5,2.3,1.7,1.1,0.9,0.5,0.6,0.4,0.3,NA,NA,NA,NA,NA,NA,NA,NA,NA,NA,NA,NA,NA,NA,NA,NA,NA,NA,NA,NA,NA,NA,NA,NA,NA,NA,NA,NA,NA,NA,NA,NA,NA,NA,NA,NA,NA,NA,NA,NA,NA,NA,NA,NA,NA,NA,NA,NA,NA,NA,NA,NA,NA,NA,NA,NA,NA,NA,NA,NA,NA,NA,NA,NA,NA,NA,NA,NA,NA,NA,NA,NA,NA,NA,NA,NA,NA,NA,NA,NA,NA,NA,NA,NA,NA,NA,NA,NA,NA,NA,NA,NA,NA,NA,NA,NA,NA
"43","Generales","España","Esp.","","","Data10/OKDiario","https://okdiario.com/espana/pp-sigue-disparado-logra-mayoria-vox-mientras-sanchez-entrega-golpismo-7321558","1000","1–3 Jun 2021",2021-06-03,"",3.6,"PP","PP +3.6",25.5,28.7,15.8,8.6,2.7,3.3,5.2,2.4,1.6,1.1,0.8,0.5,0.6,0.4,0.3,NA,NA,NA,NA,NA,NA,NA,NA,NA,NA,NA,NA,NA,NA,NA,NA,NA,NA,NA,NA,NA,NA,NA,NA,NA,NA,NA,NA,NA,NA,NA,NA,NA,NA,NA,NA,NA,NA,NA,NA,NA,NA,NA,NA,NA,NA,NA,NA,NA,NA,NA,NA,NA,NA,NA,NA,NA,NA,NA,NA,NA,NA,NA,NA,NA,NA,NA,NA,NA,NA,NA,NA,NA,NA,NA,NA,NA,NA,NA,NA,NA,NA,NA,NA,NA,NA,NA,NA,NA,NA,NA,NA,NA,NA,NA,NA,NA
"44","Autonómicas","Andalucía","And.","","","Social Data/Grupo Viva","https://andaluciainformacion.es/andalucia/976980/el-pp-consolida-el-cambio-de-ciclo-en-andalucia-al-rozar-la-mayoria-absoluta/","1924","20 May–3 Jun 2021",2021-06-03,"",12.3,"PP","PP +12.3",NA,38.1,15.5,6.4,3.4,NA,NA,NA,NA,NA,NA,NA,NA,NA,NA,NA,NA,NA,NA,NA,NA,NA,NA,NA,25.8,NA,0.6,5.1,NA,NA,NA,NA,NA,NA,NA,NA,NA,NA,NA,NA,NA,NA,NA,NA,NA,NA,NA,NA,NA,NA,NA,NA,NA,NA,NA,NA,NA,NA,NA,NA,NA,NA,NA,NA,NA,NA,NA,NA,NA,NA,NA,NA,NA,NA,NA,NA,NA,NA,NA,NA,NA,NA,NA,NA,NA,NA,NA,NA,NA,NA,NA,NA,NA,NA,NA,NA,NA,NA,NA,NA,NA,NA,NA,NA,NA,NA,NA,NA,NA,NA,NA,NA
"45","Municipales","València","Val.","Valencia","Valencia","SyM Consulting/EPDA","https://www.elperiodicodeaqui.com/padfs/2021_06_04/valencia.pdf#page=4","818","2–3 Jun 2021",2021-06-03,"",7.1,"PP","PP +7.1",NA,33.5,10.9,NA,2,NA,NA,NA,NA,NA,NA,NA,NA,NA,NA,NA,NA,NA,NA,NA,NA,NA,NA,NA,NA,NA,NA,NA,NA,NA,NA,NA,NA,NA,NA,NA,NA,NA,NA,NA,NA,NA,NA,NA,NA,NA,NA,NA,NA,19.4,26.4,NA,NA,NA,NA,NA,NA,NA,NA,NA,NA,NA,NA,NA,NA,NA,NA,NA,NA,NA,NA,NA,NA,NA,NA,NA,NA,NA,NA,NA,NA,NA,NA,NA,NA,NA,NA,NA,NA,NA,NA,NA,NA,NA,NA,NA,NA,NA,NA,NA,NA,NA,NA,NA,NA,NA,NA,NA,NA,NA,3.9,NA
"46","Generales","España","Esp.","","","Sigma Dos/El Mundo","https://www.elmundo.es/espana/encuestas/2021/06/05/60bb9758e4d4d867218b45f5.html","1000","31 May–1 Jun 2021",2021-06-01,"",4.5,"PP","PP +4.5",25,29.5,15.4,10.2,3.2,3.2,4.3,1.8,1.7,NA,NA,NA,NA,NA,NA,NA,NA,NA,NA,NA,NA,NA,NA,NA,NA,NA,NA,NA,NA,NA,NA,NA,NA,NA,NA,NA,NA,NA,NA,NA,NA,NA,NA,NA,NA,NA,NA,NA,NA,NA,NA,NA,NA,NA,NA,NA,NA,NA,NA,NA,NA,NA,NA,NA,NA,NA,NA,NA,NA,NA,NA,NA,NA,NA,NA,NA,NA,NA,NA,NA,NA,NA,NA,NA,NA,NA,NA,NA,NA,NA,NA,NA,NA,NA,NA,NA,NA,NA,NA,NA,NA,NA,NA,NA,NA,NA,NA,NA,NA,NA,NA,NA
"47","Generales","Castilla y León","Cyl.","","","GAD3/El Norte de Castilla","https://www.elnortedecastilla.es/castillayleon/bipartidismo-vuelve-castilla-20210606181842-nt.html","1000","22–31 May 2021",2021-05-31,"",12.6,"PP","PP +12.6",31.3,43.9,14.9,NA,NA,NA,NA,NA,NA,NA,NA,NA,NA,NA,NA,NA,NA,NA,NA,NA,NA,NA,NA,NA,NA,NA,NA,NA,NA,NA,NA,NA,NA,NA,NA,NA,NA,NA,NA,NA,NA,NA,NA,NA,NA,NA,NA,NA,NA,NA,NA,NA,NA,NA,NA,NA,NA,NA,NA,NA,NA,NA,NA,NA,NA,NA,NA,NA,NA,NA,NA,NA,NA,NA,NA,NA,NA,NA,NA,NA,NA,NA,NA,NA,NA,NA,NA,NA,NA,NA,NA,NA,NA,NA,NA,NA,NA,NA,NA,NA,NA,NA,NA,NA,NA,NA,NA,NA,NA,NA,NA,NA
"48","Autonómicas","Cantabria","Can.","","","ElectoPanel/Electomanía","https://electomania.es/epcantabria31my21/","800","31 May 2021",2021-05-31,"",0.1,"PRC","PRC +0.1",20.7,28.1,10.5,NA,2.5,NA,NA,NA,NA,NA,NA,NA,NA,NA,28.2,NA,NA,NA,NA,NA,NA,NA,NA,NA,NA,NA,NA,NA,4.2,NA,NA,1.8,NA,NA,NA,NA,NA,NA,NA,NA,NA,NA,NA,NA,NA,NA,NA,NA,NA,NA,NA,NA,NA,NA,NA,NA,NA,NA,NA,NA,NA,NA,NA,NA,NA,NA,NA,NA,NA,NA,NA,NA,NA,NA,NA,NA,NA,NA,NA,NA,NA,NA,NA,NA,NA,NA,NA,NA,NA,NA,NA,NA,NA,NA,NA,NA,NA,NA,NA,NA,NA,NA,NA,NA,NA,NA,NA,NA,NA,NA,NA,NA
"49","Autonómicas","Castilla y León","Cyl.","","","GAD3/El Norte de Castilla","https://static.elnortedecastilla.es/portadas/1622927990535/valladolid.jpg","1000","22–31 May 2021",2021-05-31,"",14.8,"PP","PP +14.8",28.8,43.6,9.7,NA,5.6,NA,NA,NA,NA,NA,NA,NA,NA,NA,NA,NA,NA,NA,NA,NA,NA,NA,NA,NA,NA,NA,NA,NA,4.6,NA,NA,NA,NA,NA,NA,1.5,2.3,0.6,NA,NA,NA,NA,NA,NA,NA,NA,NA,NA,NA,NA,NA,NA,NA,NA,NA,NA,NA,NA,NA,NA,NA,NA,NA,NA,NA,NA,NA,NA,NA,NA,NA,NA,NA,NA,NA,NA,NA,NA,NA,NA,NA,NA,NA,NA,NA,NA,NA,NA,NA,NA,NA,NA,NA,NA,NA,NA,NA,NA,NA,NA,NA,NA,NA,NA,NA,NA,NA,NA,NA,NA,NA,NA
"50","Autonómicas","Andalucía","And.","","","NC Report/La Razón","https://www.larazon.es/andalucia/20210531/27qf5fxfgfdh7plc5xxqrjsl3a.html","900","26–30 May 2021",2021-05-30,"59.0",1.5,"PP","PP +1.5",NA,31.8,15.1,12.6,5.1,NA,NA,NA,NA,NA,NA,NA,NA,NA,NA,NA,NA,NA,NA,NA,NA,NA,NA,NA,30.3,NA,NA,2.7,NA,NA,NA,NA,NA,NA,NA,NA,NA,NA,NA,NA,NA,NA,NA,NA,NA,NA,NA,NA,NA,NA,NA,NA,NA,NA,NA,NA,NA,NA,NA,NA,NA,NA,NA,NA,NA,NA,NA,NA,NA,NA,NA,NA,NA,NA,NA,NA,NA,NA,NA,NA,NA,NA,NA,NA,NA,NA,NA,NA,NA,NA,NA,NA,NA,NA,NA,NA,NA,NA,NA,NA,NA,NA,NA,NA,NA,NA,NA,NA,NA,NA,NA,NA
"51","Autonómicas","Castilla - La Mancha","Clm.","","","NC Report/La Razón","https://www.larazon.es/espana/20210530/juxmckwd2baold7p5nidwd4iw4.html","","30 May 2021",2021-05-30,"",0.3,"PSOE","PSOE +0.3",38.6,38.3,12,5.1,3.4,NA,NA,NA,NA,NA,NA,NA,NA,NA,NA,NA,NA,NA,NA,NA,NA,NA,NA,NA,NA,NA,NA,NA,NA,NA,NA,NA,NA,NA,NA,NA,NA,NA,NA,NA,NA,NA,NA,NA,NA,NA,NA,NA,NA,NA,NA,NA,NA,NA,NA,NA,NA,NA,NA,NA,NA,NA,NA,NA,NA,NA,NA,NA,NA,NA,NA,NA,NA,NA,NA,NA,NA,NA,NA,NA,NA,NA,NA,NA,NA,NA,NA,NA,NA,NA,NA,NA,NA,NA,NA,NA,NA,NA,NA,NA,NA,NA,NA,NA,NA,NA,NA,NA,NA,NA,NA,NA
"52","Generales","España","Esp.","","","SocioMétrica/El Español","https://www.elespanol.com/espana/politica/20210530/pp-sobrepasa-primera-psoe-sanchez-cumple-gobierno/584942067_0.html","1100","26–29 May 2021",2021-05-29,"",1.1,"PP","PP +1.1",25.4,26.5,16.9,9.3,3.1,3.6,4,2.6,1.7,1.2,0.9,0.4,0.5,0.4,0.2,NA,NA,NA,NA,NA,NA,NA,NA,NA,NA,NA,NA,NA,NA,NA,NA,NA,NA,NA,NA,NA,NA,NA,NA,NA,NA,NA,NA,NA,NA,NA,NA,NA,NA,NA,NA,NA,NA,NA,NA,NA,NA,NA,NA,NA,NA,NA,NA,NA,NA,NA,NA,NA,NA,NA,NA,NA,NA,NA,NA,NA,NA,NA,NA,NA,NA,NA,NA,NA,NA,NA,NA,NA,NA,NA,NA,NA,NA,NA,NA,NA,NA,NA,NA,NA,NA,NA,NA,NA,NA,NA,NA,NA,NA,NA,NA,NA
"53","Generales","España","Esp.","","","ElectoPanel/Electomanía","https://electomania.es/ep30my21/","1272","23–28 May 2021",2021-05-28,"",2.5,"PP","PP +2.5",25.4,27.9,16.7,10.7,3,3.5,3.5,2.3,1.7,1.1,0.9,0.5,0.6,0.4,0.3,NA,NA,NA,NA,NA,NA,NA,NA,NA,NA,NA,NA,NA,NA,NA,NA,NA,NA,NA,NA,NA,NA,NA,NA,NA,NA,NA,NA,NA,NA,NA,NA,NA,NA,NA,NA,NA,NA,NA,NA,NA,NA,NA,NA,NA,NA,NA,NA,NA,NA,NA,NA,NA,NA,NA,NA,NA,NA,NA,NA,NA,NA,NA,NA,NA,NA,NA,NA,NA,NA,NA,NA,NA,NA,NA,NA,NA,NA,NA,NA,NA,NA,NA,NA,NA,NA,NA,NA,NA,NA,NA,NA,NA,NA,NA,NA,NA
"54","Municipales","Oviedo","Ast.","Asturias","Oviedo","Asturbarómetro","http://llanera.eltapin.com/noticia/8513/asturbarometro-recoge-que-el-psoe-perderia-un-concejal-el-pp-podria-ganar-uno-iu-obtendria-2-podemos-y-ciudadanos-perderian-la-representacion-y-vox-ganaria-entre-1-o-2","401","20–28 May 2021",2021-05-28,"",10.4,"PSOE","PSOE +10.4",39.5,29.1,15.3,NA,1.8,NA,NA,NA,NA,NA,NA,NA,NA,NA,NA,NA,NA,NA,NA,NA,NA,NA,NA,NA,NA,NA,NA,NA,2.1,NA,NA,NA,NA,12.2,NA,NA,NA,NA,NA,NA,NA,NA,NA,NA,NA,NA,NA,NA,NA,NA,NA,NA,NA,NA,NA,NA,NA,NA,NA,NA,NA,NA,NA,NA,NA,NA,NA,NA,NA,NA,NA,NA,NA,NA,NA,NA,NA,NA,NA,NA,NA,NA,NA,NA,NA,NA,NA,NA,NA,NA,NA,NA,NA,NA,NA,NA,NA,NA,NA,NA,NA,NA,NA,NA,NA,NA,NA,NA,NA,NA,NA,NA
"55","Municipales","Donostia/San Sebastián","Eus.","Gipuzkoa","Donostia","Gizaker/City Council of Bilbao","https://www.bilbao.eus/cs/Satellite?c=BIO_Noticia_FA&cid=1279208425870&language=es&pageid=3000075248&pagename=Bilbaonet%2FBIO_Noticia_FA%2FBIO_Noticia","1000","19–26 May 2021",2021-05-26,"61.0",25.9,"PNV","PNV +25.9",NA,9.5,2.7,NA,NA,NA,NA,NA,43,17.1,NA,NA,NA,NA,NA,NA,NA,NA,NA,NA,NA,NA,NA,NA,NA,NA,NA,NA,NA,NA,NA,NA,NA,NA,NA,NA,NA,NA,NA,NA,NA,NA,NA,NA,NA,NA,NA,NA,NA,NA,NA,NA,NA,NA,NA,NA,NA,NA,NA,NA,NA,NA,15.7,8.8,NA,NA,NA,NA,NA,NA,NA,NA,NA,NA,NA,NA,NA,NA,NA,NA,NA,NA,NA,NA,NA,NA,NA,NA,NA,NA,NA,NA,NA,NA,NA,NA,NA,NA,NA,NA,NA,NA,NA,NA,NA,NA,NA,NA,NA,NA,NA,NA
"56","Generales","España","Esp.","","","DYM/Henneo","https://www.20minutos.es/noticia/4708680/0/pp-supera-primera-vez-psoe-sumaria-mayoria-vox/","1008","21–24 May 2021",2021-05-24,"",3.6,"PP","PP +3.6",24.5,28.1,16,9.3,3.4,NA,5,NA,NA,NA,NA,NA,NA,NA,NA,NA,NA,NA,NA,NA,NA,NA,NA,NA,NA,NA,NA,NA,NA,NA,NA,NA,NA,NA,NA,NA,NA,NA,NA,NA,NA,NA,NA,NA,NA,NA,NA,NA,NA,NA,NA,NA,NA,NA,NA,NA,NA,NA,NA,NA,NA,NA,NA,NA,NA,NA,NA,NA,NA,NA,NA,NA,NA,NA,NA,NA,NA,NA,NA,NA,NA,NA,NA,NA,NA,NA,NA,NA,NA,NA,NA,NA,NA,NA,NA,NA,NA,NA,NA,NA,NA,NA,NA,NA,NA,NA,NA,NA,NA,NA,NA,NA
"57","Generales","Valencia/València","Val.","Valencia","","SyM Consulting","https://twitter.com/Barometrocm/status/1397440362596110339","732","20–23 May 2021",2021-05-23,"57.4",3.2,"Vox","Vox +3.2",24.4,31.1,34.3,5.4,0.4,NA,NA,NA,NA,NA,NA,NA,NA,NA,NA,NA,NA,NA,NA,NA,NA,NA,NA,NA,NA,NA,NA,NA,NA,NA,NA,NA,NA,NA,NA,NA,NA,NA,NA,NA,NA,NA,NA,NA,NA,NA,NA,NA,NA,NA,NA,NA,NA,NA,NA,NA,NA,NA,NA,NA,NA,NA,NA,NA,NA,NA,NA,NA,NA,NA,NA,NA,NA,NA,NA,NA,NA,NA,NA,NA,NA,NA,NA,NA,NA,NA,NA,NA,NA,NA,NA,NA,NA,NA,NA,NA,NA,NA,NA,NA,NA,NA,NA,NA,NA,NA,NA,NA,NA,NA,NA,NA
"58","Autonómicas","Ceuta","Ceu.","","","SyM Consulting","https://twitter.com/Barometrocm/status/1397439860600868864","732","20–23 May 2021",2021-05-23,"53.2",1.6,"Vox","Vox +1.6",23.3,26.6,28.2,NA,NA,NA,NA,NA,NA,NA,NA,NA,NA,NA,NA,NA,NA,NA,NA,NA,NA,NA,NA,NA,NA,NA,NA,NA,NA,NA,NA,NA,NA,NA,NA,NA,NA,NA,NA,NA,10.1,7.8,NA,NA,NA,NA,NA,NA,NA,NA,NA,NA,NA,NA,NA,NA,NA,NA,NA,NA,NA,NA,NA,NA,NA,NA,NA,NA,NA,NA,NA,NA,NA,NA,NA,NA,NA,NA,NA,NA,NA,NA,NA,NA,NA,NA,NA,NA,NA,NA,NA,NA,NA,NA,NA,NA,NA,NA,NA,NA,NA,NA,NA,NA,NA,NA,NA,NA,NA,NA,NA,NA
"59","Generales","España","Esp.","","","NC Report/La Razón","https://www.larazon.es/espana/20210523/32idgogylngzheveh2msxqwzzq.html","1000","17–22 May 2021",2021-05-22,"64.2",4.2,"PP","PP +4.2",25.8,30,14.9,9.2,2.9,3.3,3.9,2.3,1.6,1.2,NA,NA,NA,0.4,NA,NA,NA,NA,NA,NA,NA,NA,NA,NA,NA,NA,NA,NA,NA,NA,NA,NA,NA,NA,NA,NA,NA,NA,NA,NA,NA,NA,NA,NA,NA,NA,NA,NA,NA,NA,NA,NA,NA,NA,NA,NA,NA,NA,NA,NA,NA,NA,NA,NA,NA,NA,NA,NA,NA,NA,NA,NA,NA,NA,NA,NA,NA,NA,NA,NA,NA,NA,NA,NA,NA,NA,NA,NA,NA,NA,NA,NA,NA,NA,NA,NA,NA,NA,NA,NA,NA,NA,NA,NA,NA,NA,NA,NA,NA,NA,NA,NA
"60","Generales","España","Esp.","","","ElectoPanel/Electomanía","https://electomania.es/ep22my21/","1582","17–22 May 2021",2021-05-22,"",2.1,"PP","PP +2.1",25.2,27.3,16.4,11,2.9,3.5,3.3,2.4,1.7,1.2,0.9,0.5,0.6,0.4,0.3,NA,NA,NA,NA,NA,NA,NA,NA,NA,NA,NA,NA,NA,NA,NA,NA,NA,NA,NA,NA,NA,NA,NA,NA,NA,NA,NA,NA,NA,NA,NA,NA,NA,NA,NA,NA,NA,NA,NA,NA,NA,NA,NA,NA,NA,NA,NA,NA,NA,NA,NA,NA,NA,NA,NA,NA,NA,NA,NA,NA,NA,NA,NA,NA,NA,NA,NA,NA,NA,NA,NA,NA,NA,NA,NA,NA,NA,NA,NA,NA,NA,NA,NA,NA,NA,NA,NA,NA,NA,NA,NA,NA,NA,NA,NA,NA,NA
